{
  "train_loss": [
    0.8004337020794905,
    0.44869289060478057
  ],
  "val_loss": [
    0.6025970963140329,
    0.6245593726634979
  ],
  "val_accuracy": [
    0.7617391304347826,
    0.768695652173913
  ],
  "val_macro_f1": [
    0.7558059342421813,
    0.7692666881041883
  ]
}